"MMSI","trip","otb1","otb2","ptm","tbb","ps","gaps","n_ping","start_month"
1,1,1,1,0,0,0,0.044248917345065,293,4
1,2,1,1,0,0,0,0,271,4
1,3,1,1,0,0,0,0.0208857603414085,271,4
1,4,1,1,0,0,0,0.0798485680432332,491,4
1,5,1,1,1,0,0,0.0458239992493637,255,4
1,6,1,1,0,0,0,0.0848077709729272,447,4
1,7,1,1,0,0,0,0.0394300178119434,256,4
1,8,1,1,0,0,0,0.0786846911828007,450,4
